"faixa_etaria","ano","transtorno","sexo","tx_100mil","aumento"
"10 a 14 anos",2013,"Ansiedade","F",10.4076256613749,0
"10 a 14 anos",2013,"Ansiedade","M",9.11081532755041,0
"10 a 14 anos",2013,"Bipolar","F",3.43749007558553,0
"10 a 14 anos",2013,"Bipolar","M",3.52529035287126,0
"10 a 14 anos",2013,"Depressão","F",12.9768223960686,0
"10 a 14 anos",2013,"Depressão","M",9.85478894098103,0
"10 a 14 anos",2013,"Distúrbio alimentar","F",0.72556018896442,0
"10 a 14 anos",2013,"Distúrbio alimentar","M",0.228914957978653,0
"10 a 14 anos",2013,"Esquizofrenia","F",5.41196534391494,0
"10 a 14 anos",2013,"Esquizofrenia","M",7.0047977141468,0
"10 a 14 anos",2013,"TDAH","F",5.26923219198751,0
"10 a 14 anos",2013,"TDAH","M",21.5523432936902,0
"10 a 14 anos",2013,"TOC","F",1.03481535147384,0
"10 a 14 anos",2013,"TOC","M",1.69397068904204,0
"10 a 14 anos",2014,"Ansiedade","F",11.4355124510578,9.8762851694182
"10 a 14 anos",2014,"Ansiedade","M",10.4197441371381,14.3667582156956
"10 a 14 anos",2014,"Bipolar","F",4.08325627833582,18.7859801352385
"10 a 14 anos",2014,"Bipolar","M",4.11033000768874,16.5955026751476
"10 a 14 anos",2014,"Depressão","F",15.9019482041935,22.5411562156472
"10 a 14 anos",2014,"Depressão","M",10.94936649107,11.1070623292313
"10 a 14 anos",2014,"Distúrbio alimentar","F",0.77833330818718,7.2734309331501
"10 a 14 anos",2014,"Distúrbio alimentar","M",0.138162353199621,-39.6446809681589
"10 a 14 anos",2014,"Esquizofrenia","F",6.02310236951003,11.2923307293946
"10 a 14 anos",2014,"Esquizofrenia","M",8.56606589837652,22.288554901116
"10 a 14 anos",2014,"TDAH","F",6.65774337464727,26.3513000009974
"10 a 14 anos",2014,"TDAH","M",26.2163065196282,21.6401676717138
"10 a 14 anos",2014,"TOC","F",1.11361534863704,7.6148848247145
"10 a 14 anos",2014,"TOC","M",1.84216470932828,8.74832257989392
"10 a 14 anos",2015,"Ansiedade","F",13.1342787275192,26.1986081634695
"10 a 14 anos",2015,"Ansiedade","M",12.0354834370509,32.1010579663107
"10 a 14 anos",2015,"Bipolar","F",4.05990584401697,18.1066928120634
"10 a 14 anos",2015,"Bipolar","M",4.02730255801028,14.240308028249
"10 a 14 anos",2015,"Depressão","F",18.873728953436,45.4418375884838
"10 a 14 anos",2015,"Depressão","M",12.3256349181755,25.0725407920156
"10 a 14 anos",2015,"Distúrbio alimentar","F",0.616235708466861,-15.0675963428473
"10 a 14 anos",2015,"Distúrbio alimentar","M",0.116060592449864,-49.2996903851575
"10 a 14 anos",2015,"Esquizofrenia","F",7.14108438635127,31.9499282156437
"10 a 14 anos",2015,"Esquizofrenia","M",9.5517867586238,36.3606366438411
"10 a 14 anos",2015,"TDAH","F",7.18941659878005,36.4414460556968
"10 a 14 anos",2015,"TDAH","M",26.0207848272595,20.7329730817598
"10 a 14 anos",2015,"TOC","F",1.22038836382653,17.9329589659044
"10 a 14 anos",2015,"TOC","M",1.81054524221788,6.88173378264089
"10 a 14 anos",2016,"Ansiedade","F",16.1418246679414,55.0961304060679
"10 a 14 anos",2016,"Ansiedade","M",14.98779816902,64.5055643230754
"10 a 14 anos",2016,"Bipolar","F",4.91113178440401,42.8697007530259
"10 a 14 anos",2016,"Bipolar","M",4.11429753659374,16.7080474163708
"10 a 14 anos",2016,"Depressão","F",21.8612724068857,68.4639870967853
"10 a 14 anos",2016,"Depressão","M",14.3412656989839,45.5258533173236
"10 a 14 anos",2016,"Distúrbio alimentar","F",0.600113360189019,-17.2896515938188
"10 a 14 anos",2016,"Distúrbio alimentar","M",0.223347580557946,-2.43207235991404
"10 a 14 anos",2016,"Esquizofrenia","F",8.31585656261926,53.6568701787675
"10 a 14 anos",2016,"Esquizofrenia","M",11.4259920159118,63.1166592125276
"10 a 14 anos",2016,"TDAH","F",8.60978963699755,63.3974234441549
"10 a 14 anos",2016,"TDAH","M",29.8815552514894,38.6464332174853
"10 a 14 anos",2016,"TOC","F",1.15123787464832,11.2505601128415
"10 a 14 anos",2016,"TOC","M",2.20996553394178,30.4606713821917
"10 a 14 anos",2017,"Ansiedade","F",22.8749858428426,119.790628401798
"10 a 14 anos",2017,"Ansiedade","M",18.5099976022764,103.165105830908
"10 a 14 anos",2017,"Bipolar","F",6.34588369472996,84.6080586472391
"10 a 14 anos",2017,"Bipolar","M",4.69301097509452,33.1240977433868
"10 a 14 anos",2017,"Depressão","F",37.044561763952,185.467124641969
"10 a 14 anos",2017,"Depressão","M",19.772584311312,100.639348338429
"10 a 14 anos",2017,"Distúrbio alimentar","F",0.633346513564047,-12.7093074844677
"10 a 14 anos",2017,"Distúrbio alimentar","M",0.214401516628684,-6.34010179069338
"10 a 14 anos",2017,"Esquizofrenia","F",9.82308023978747,81.5067099576362
"10 a 14 anos",2017,"Esquizofrenia","M",13.7574306503405,96.4001133474023
"10 a 14 anos",2017,"TDAH","F",11.4995857168688,118.240253947345
"10 a 14 anos",2017,"TDAH","M",36.4244354361397,69.0045251218857
"10 a 14 anos",2017,"TOC","F",1.68892403617079,63.2101837072022
"10 a 14 anos",2017,"TOC","M",2.40606146438856,42.0367825696692
"10 a 14 anos",2018,"Ansiedade","F",34.4534765321436,231.040697015156
"10 a 14 anos",2018,"Ansiedade","M",24.0286682539272,163.737847712338
"10 a 14 anos",2018,"Bipolar","F",9.07001941614018,163.855872066633
"10 a 14 anos",2018,"Bipolar","M",6.01320441731445,70.573309299668
"10 a 14 anos",2018,"Depressão","F",61.7769100232659,376.055756469178
"10 a 14 anos",2018,"Depressão","M",27.808051753163,182.178054950762
"10 a 14 anos",2018,"Distúrbio alimentar","F",0.818821197290432,12.853655664201
"10 a 14 anos",2018,"Distúrbio alimentar","M",0.289792983966962,26.5941669019222
"10 a 14 anos",2018,"Esquizofrenia","F",13.5042511306976,149.525824216177
"10 a 14 anos",2018,"Esquizofrenia","M",17.3875790380177,148.223856670436
"10 a 14 anos",2018,"TDAH","F",12.9499721663779,145.765828768561
"10 a 14 anos",2018,"TDAH","M",40.5710177553746,88.2441143523007
"10 a 14 anos",2018,"TOC","F",1.96517087349704,89.9054619452762
"10 a 14 anos",2018,"TOC","M",2.78925747068201,64.6579535717569
"10 a 14 anos",2019,"Ansiedade","F",51.8694275995205,398.379066341904
"10 a 14 anos",2019,"Ansiedade","M",32.031847689054,251.580473727661
"10 a 14 anos",2019,"Bipolar","F",11.5165978972814,235.029269730174
"10 a 14 anos",2019,"Bipolar","M",6.83248127312391,93.8132916501195
"10 a 14 anos",2019,"Depressão","F",99.1117648118979,663.7598927294
"10 a 14 anos",2019,"Depressão","M",39.5377814174142,301.203736114497
"10 a 14 anos",2019,"Distúrbio alimentar","F",0.856395182150781,18.0322728805036
"10 a 14 anos",2019,"Distúrbio alimentar","M",0.440805243427349,92.5628833168929
"10 a 14 anos",2019,"Esquizofrenia","F",15.709099684527,190.266080550385
"10 a 14 anos",2019,"Esquizofrenia","M",20.5586667698477,193.494082324858
"10 a 14 anos",2019,"TDAH","F",16.2587264432208,208.55968860025
"10 a 14 anos",2019,"TDAH","M",50.5089341427171,134.354721685898
"10 a 14 anos",2019,"TOC","F",2.96542809341763,186.565916247193
"10 a 14 anos",2019,"TOC","M",3.29379473560991,94.4422507967124
"10 a 14 anos",2020,"Ansiedade","F",56.9438039887902,447.135397078336
"10 a 14 anos",2020,"Ansiedade","M",30.7756621890438,237.792624288855
"10 a 14 anos",2020,"Bipolar","F",12.6469724120889,267.912986917779
"10 a 14 anos",2020,"Bipolar","M",7.70012532574946,118.425280047582
"10 a 14 anos",2020,"Depressão","F",93.1465732217546,617.791847486286
"10 a 14 anos",2020,"Depressão","M",36.0539739042753,265.852319315995
"10 a 14 anos",2020,"Distúrbio alimentar","F",0.998786539211127,37.6572963073786
"10 a 14 anos",2020,"Distúrbio alimentar","M",0.248391139540305,8.50804234621825
"10 a 14 anos",2020,"Esquizofrenia","F",14.7483155205591,172.51311831
"10 a 14 anos",2020,"Esquizofrenia","M",18.0704554015572,157.97255165645
"10 a 14 anos",2020,"TDAH","F",15.1244818794828,187.033885173657
"10 a 14 anos",2020,"TDAH","M",41.7669701137023,93.7931738769687
"10 a 14 anos",2020,"TOC","F",2.98338836387739,188.301517717946
"10 a 14 anos",2020,"TOC","M",3.16698702913889,86.9564243127409
"10 a 14 anos",2021,"Ansiedade","F",104.712593219547,906.114138099334
"10 a 14 anos",2021,"Ansiedade","M",47.2674869860086,418.806333864274
"10 a 14 anos",2021,"Bipolar","F",15.0980948363068,339.218572397915
"10 a 14 anos",2021,"Bipolar","M",7.73513779568478,119.418459798203
"10 a 14 anos",2021,"Depressão","F",127.932331049752,885.852523407504
"10 a 14 anos",2021,"Depressão","M",42.6692373191927,332.979717523459
"10 a 14 anos",2021,"Distúrbio alimentar","F",1.5269215353196,110.447259723408
"10 a 14 anos",2021,"Distúrbio alimentar","M",0.428330105949971,87.113201222051
"10 a 14 anos",2021,"Esquizofrenia","F",16.6250163716264,207.190000584891
"10 a 14 anos",2021,"Esquizofrenia","M",20.1693088125266,187.935635482991
"10 a 14 anos",2021,"TDAH","F",16.5197114381561,213.512687166761
"10 a 14 anos",2021,"TDAH","M",43.7904543612382,103.181871059276
"10 a 14 anos",2021,"TOC","F",4.33066538896681,318.496438306488
"10 a 14 anos",2021,"TOC","M",4.34629078096294,156.574143170141
"10 a 14 anos",2022,"Ansiedade","F",149.557584411286,1337.00003514086
"10 a 14 anos",2022,"Ansiedade","M",61.9604891671368,580.07622742361
"10 a 14 anos",2022,"Bipolar","F",17.4559531010494,407.811010860184
"10 a 14 anos",2022,"Bipolar","M",7.52623801184648,113.492712897153
"10 a 14 anos",2022,"Depressão","F",146.752878863298,1030.88454464599
"10 a 14 anos",2022,"Depressão","M",47.7641386897829,384.679468792642
"10 a 14 anos",2022,"Distúrbio alimentar","F",1.68282332879283,131.934352847376
"10 a 14 anos",2022,"Distúrbio alimentar","M",0.3705618036393,61.8774967400145
"10 a 14 anos",2022,"Esquizofrenia","F",20.1404569826951,272.1468210313
"10 a 14 anos",2022,"Esquizofrenia","M",21.4670286246215,206.461792340798
"10 a 14 anos",2022,"TDAH","F",22.0770393848773,318.980196364246
"10 a 14 anos",2022,"TDAH","M",53.194785812083,146.816715413291
"10 a 14 anos",2022,"TOC","F",4.62108628382792,346.561435066295
"10 a 14 anos",2022,"TOC","M",4.4467416436716,162.504048767591
"10 a 14 anos",2023,"Ansiedade","F",176.049683537316,1591.54511571911
"10 a 14 anos",2023,"Ansiedade","M",78.0585501324041,756.767998538627
"10 a 14 anos",2023,"Bipolar","F",20.1993134401029,487.618087498398
"10 a 14 anos",2023,"Bipolar","M",9.03167487421741,156.196624112432
"10 a 14 anos",2023,"Depressão","F",139.945612230894,978.427429763484
"10 a 14 anos",2023,"Depressão","M",48.4367298132348,391.504486836965
"10 a 14 anos",2023,"Distúrbio alimentar","F",1.51731931944435,109.123838727976
"10 a 14 anos",2023,"Distúrbio alimentar","M",0.246200606327304,7.5511222601112
"10 a 14 anos",2023,"Esquizofrenia","F",22.5159349010403,316.039894386179
"10 a 14 anos",2023,"Esquizofrenia","M",25.6566947646348,266.27317178366
"10 a 14 anos",2023,"TDAH","F",31.9314431779495,505.998028071433
"10 a 14 anos",2023,"TDAH","M",73.6787709251078,241.859675864937
"10 a 14 anos",2023,"TOC","F",4.90419280034692,373.919602503199
"10 a 14 anos",2023,"TOC","M",4.70372737351638,177.674661311667
"15 a 19 anos",2013,"Ansiedade","F",16.0037138099721,0
"15 a 19 anos",2013,"Ansiedade","M",10.0277457271523,0
"15 a 19 anos",2013,"Bipolar","F",10.171249221449,0
"15 a 19 anos",2013,"Bipolar","M",6.80002917580086,0
"15 a 19 anos",2013,"Depressão","F",25.1554671887118,0
"15 a 19 anos",2013,"Depressão","M",12.1068087015103,0
"15 a 19 anos",2013,"Distúrbio alimentar","F",1.03135044553154,0
"15 a 19 anos",2013,"Distúrbio alimentar","M",0.14932496500914,0
"15 a 19 anos",2013,"Esquizofrenia","F",18.9555099127003,0
"15 a 19 anos",2013,"Esquizofrenia","M",34.7812303113598,0
"15 a 19 anos",2013,"TDAH","F",1.67149899793042,0
"15 a 19 anos",2013,"TDAH","M",3.91690869754745,0
"15 a 19 anos",2013,"TOC","F",1.58851677817501,0
"15 a 19 anos",2013,"TOC","M",2.11352258166783,0
"15 a 19 anos",2014,"Ansiedade","F",17.9982357460613,12.4628693050379
"15 a 19 anos",2014,"Ansiedade","M",11.630192484852,15.9801295455748
"15 a 19 anos",2014,"Bipolar","F",11.6668405626642,14.7041067292047
"15 a 19 anos",2014,"Bipolar","M",7.14114484262386,5.01638534194721
"15 a 19 anos",2014,"Depressão","F",29.9377768503325,19.011015083698
"15 a 19 anos",2014,"Depressão","M",14.6726416541371,21.1933054852576
"15 a 19 anos",2014,"Distúrbio alimentar","F",0.746962353097404,-27.5743413566439
"15 a 19 anos",2014,"Distúrbio alimentar","M",0.195175984444704,30.7055283306155
"15 a 19 anos",2014,"Esquizofrenia","F",22.6815711345291,19.6568767550393
"15 a 19 anos",2014,"Esquizofrenia","M",41.6643322088135,19.7897021923507
"15 a 19 anos",2014,"TDAH","F",1.8851907006744,12.7844349897045
"15 a 19 anos",2014,"TDAH","M",4.60385704484272,17.5380229752456
"15 a 19 anos",2014,"TOC","F",1.70734252136549,7.48029512958602
"15 a 19 anos",2014,"TOC","M",2.20434053019901,4.2969944735346
"15 a 19 anos",2015,"Ansiedade","F",21.541914741704,34.6057233807877
"15 a 19 anos",2015,"Ansiedade","M",14.9940477304396,49.5256076332293
"15 a 19 anos",2015,"Bipolar","F",12.8824446087503,26.6554808389124
"15 a 19 anos",2015,"Bipolar","M",8.25476287763101,21.3930508858269
"15 a 19 anos",2015,"Depressão","F",33.9261432606132,34.86588424737
"15 a 19 anos",2015,"Depressão","M",18.7253383218584,54.6678301733008
"15 a 19 anos",2015,"Distúrbio alimentar","F",0.723599559055036,-29.8396037748249
"15 a 19 anos",2015,"Distúrbio alimentar","M",0.160732517784192,7.63941432991687
"15 a 19 anos",2015,"Esquizofrenia","F",25.8242006567674,36.2358531936143
"15 a 19 anos",2015,"Esquizofrenia","M",49.8615231954819,43.3575602390256
"15 a 19 anos",2015,"TDAH","F",2.265696979992,35.5488087517422
"15 a 19 anos",2015,"TDAH","M",5.05159341607461,28.9688835289326
"15 a 19 anos",2015,"TOC","F",2.21824782857855,39.6427068983819
"15 a 19 anos",2015,"TOC","M",2.27321703723357,7.55584335605823
"15 a 19 anos",2016,"Ansiedade","F",27.4543924717378,71.5501339109837
"15 a 19 anos",2016,"Ansiedade","M",17.3711512615913,73.2308709678906
"15 a 19 anos",2016,"Bipolar","F",15.0602213343024,48.0665846093289
"15 a 19 anos",2016,"Bipolar","M",9.79705430650434,44.0737098800832
"15 a 19 anos",2016,"Depressão","F",43.5454865488288,73.105457442545
"15 a 19 anos",2016,"Depressão","M",22.0462368253969,82.0978374147983
"15 a 19 anos",2016,"Distúrbio alimentar","F",0.805739615053159,-21.8752831741982
"15 a 19 anos",2016,"Distúrbio alimentar","M",0.137502516582517,-7.9172618094367
"15 a 19 anos",2016,"Esquizofrenia","F",28.7814930141783,51.8370813907489
"15 a 19 anos",2016,"Esquizofrenia","M",56.249987825298,61.7251239296339
"15 a 19 anos",2016,"TDAH","F",2.79639042871391,67.2983610625117
"15 a 19 anos",2016,"TDAH","M",5.5573933785434,41.8821271484608
"15 a 19 anos",2016,"TOC","F",2.18023660543796,37.2498317545473
"15 a 19 anos",2016,"TOC","M",2.7385917886018,29.5747588578262
"15 a 19 anos",2017,"Ansiedade","F",39.1921225613494,144.893922915119
"15 a 19 anos",2017,"Ansiedade","M",22.5626388381892,125.002103684141
"15 a 19 anos",2017,"Bipolar","F",18.3086421774635,80.0038695232695
"15 a 19 anos",2017,"Bipolar","M",12.1411760821353,78.5459410283405
"15 a 19 anos",2017,"Depressão","F",64.9879670809902,158.345299625971
"15 a 19 anos",2017,"Depressão","M",32.70894746207,170.169854571086
"15 a 19 anos",2017,"Distúrbio alimentar","F",1.07977086075773,4.69485570457483
"15 a 19 anos",2017,"Distúrbio alimentar","M",0.149041821593729,-0.18961559133375
"15 a 19 anos",2017,"Esquizofrenia","F",35.3832605140611,86.6647780883702
"15 a 19 anos",2017,"Esquizofrenia","M",67.0688197171782,92.8304982796227
"15 a 19 anos",2017,"TDAH","F",3.95124941354204,136.389577166023
"15 a 19 anos",2017,"TDAH","M",7.45209107968647,90.2543984329416
"15 a 19 anos",2017,"TOC","F",2.74095680038502,72.5481806703986
"15 a 19 anos",2017,"TOC","M",2.8776536323097,36.1543830792132
"15 a 19 anos",2018,"Ansiedade","F",57.4442274567444,258.9431061992
"15 a 19 anos",2018,"Ansiedade","M",30.9368470844552,208.512480533756
"15 a 19 anos",2018,"Bipolar","F",25.7438771327301,153.104378550098
"15 a 19 anos",2018,"Bipolar","M",15.732939335143,131.365762240132
"15 a 19 anos",2018,"Depressão","F",99.5445799727408,295.717476546849
"15 a 19 anos",2018,"Depressão","M",48.8549168828125,303.532574828889
"15 a 19 anos",2018,"Distúrbio alimentar","F",1.34616294123022,30.5242991907016
"15 a 19 anos",2018,"Distúrbio alimentar","M",0.230013732969927,54.0356851621211
"15 a 19 anos",2018,"Esquizofrenia","F",42.8746940308633,126.185917595058
"15 a 19 anos",2018,"Esquizofrenia","M",80.8613278255778,132.485530562638
"15 a 19 anos",2018,"TDAH","F",4.64604908920164,177.957037063987
"15 a 19 anos",2018,"TDAH","M",7.98147653405647,103.769787614759
"15 a 19 anos",2018,"TOC","F",3.39518971903197,113.733324424346
"15 a 19 anos",2018,"TOC","M",3.62271629427635,71.4065572660016
"15 a 19 anos",2019,"Ansiedade","F",90.6493281288619,466.426825705775
"15 a 19 anos",2019,"Ansiedade","M",43.296673246959,331.768758652545
"15 a 19 anos",2019,"Bipolar","F",32.0432603201904,215.037608680535
"15 a 19 anos",2019,"Bipolar","M",17.9294265382812,163.666906049261
"15 a 19 anos",2019,"Depressão","F",154.304128196066,513.401957667909
"15 a 19 anos",2019,"Depressão","M",69.5893097124513,474.794823542311
"15 a 19 anos",2019,"Distúrbio alimentar","F",1.07930143294054,4.64933986471425
"15 a 19 anos",2019,"Distúrbio alimentar","M",0.219780067243447,47.1823999623865
"15 a 19 anos",2019,"Esquizofrenia","F",49.5519280101147,161.411738530519
"15 a 19 anos",2019,"Esquizofrenia","M",90.8154372593842,161.104729322135
"15 a 19 anos",2019,"TDAH","F",6.10404921518596,265.184138473534
"15 a 19 anos",2019,"TDAH","M",9.8901030259551,152.497665624622
"15 a 19 anos",2019,"TOC","F",4.04138425445515,154.412437437277
"15 a 19 anos",2019,"TOC","M",4.45343820466984,110.711645255076
"15 a 19 anos",2020,"Ansiedade","F",95.4351112635212,496.331029139338
"15 a 19 anos",2020,"Ansiedade","M",45.2019847833587,350.769156032393
"15 a 19 anos",2020,"Bipolar","F",31.9085062003177,213.712755489557
"15 a 19 anos",2020,"Bipolar","M",18.7826663621333,176.214496681497
"15 a 19 anos",2020,"Depressão","F",141.839783723976,463.852711062447
"15 a 19 anos",2020,"Depressão","M",64.6258967382402,433.797950653818
"15 a 19 anos",2020,"Distúrbio alimentar","F",1.06482690391655,3.24588587032251
"15 a 19 anos",2020,"Distúrbio alimentar","M",0.279816258653755,87.3874597168846
"15 a 19 anos",2020,"Esquizofrenia","F",46.6103776578019,145.893557453564
"15 a 19 anos",2020,"Esquizofrenia","M",88.0371903789377,153.11695299687
"15 a 19 anos",2020,"TDAH","F",5.65084277419353,238.070365653234
"15 a 19 anos",2020,"TDAH","M",8.48775984583057,116.695371305058
"15 a 19 anos",2020,"TOC","F",4.27140792139254,168.892842686862
"15 a 19 anos",2020,"TOC","M",3.98738168581601,88.6604723508308
"15 a 19 anos",2021,"Ansiedade","F",150.051539975214,837.60449453748
"15 a 19 anos",2021,"Ansiedade","M",66.0987074030552,559.158191696852
"15 a 19 anos",2021,"Bipolar","F",38.8282121423399,281.744771924963
"15 a 19 anos",2021,"Bipolar","M",20.899376938801,207.342459840837
"15 a 19 anos",2021,"Depressão","F",171.734508726843,582.692583041777
"15 a 19 anos",2021,"Depressão","M",78.6029108935582,549.245501696517
"15 a 19 anos",2021,"Distúrbio alimentar","F",1.52075120203732,47.4524211073134
"15 a 19 anos",2021,"Distúrbio alimentar","M",0.330611612591202,121.404111878388
"15 a 19 anos",2021,"Esquizofrenia","F",54.3913837180282,186.942340082266
"15 a 19 anos",2021,"Esquizofrenia","M",101.757531332535,192.564496487349
"15 a 19 anos",2021,"TDAH","F",5.89904296919314,252.919324300946
"15 a 19 anos",2021,"TDAH","M",10.4496884694005,166.784070712281
"15 a 19 anos",2021,"TOC","F",5.87451472399899,269.811311073969
"15 a 19 anos",2021,"TOC","M",5.82112589312366,175.422933429463
"15 a 19 anos",2022,"Ansiedade","F",190.285586308292,1089.00892985053
"15 a 19 anos",2022,"Ansiedade","M",81.123599538214,708.991389944745
"15 a 19 anos",2022,"Bipolar","F",42.5039951641446,317.883725378717
"15 a 19 anos",2022,"Bipolar","M",22.0604508993462,224.417003648342
"15 a 19 anos",2022,"Depressão","F",182.152873365825,624.108489018897
"15 a 19 anos",2022,"Depressão","M",84.604939674716,598.821148996611
"15 a 19 anos",2022,"Distúrbio alimentar","F",1.74094772468702,68.8027316253084
"15 a 19 anos",2022,"Distúrbio alimentar","M",0.311047572333515,108.30245787399
"15 a 19 anos",2022,"Esquizofrenia","F",58.4087961632497,208.13624340496
"15 a 19 anos",2022,"Esquizofrenia","M",104.416277358728,200.208694241114
"15 a 19 anos",2022,"TDAH","F",8.12027760157591,385.808104679098
"15 a 19 anos",2022,"TDAH","M",13.0998881425076,234.44456212906
"15 a 19 anos",2022,"TOC","F",6.16792908174831,288.282274791861
"15 a 19 anos",2022,"TOC","M",6.37647523283705,201.698940344665
"15 a 19 anos",2023,"Ansiedade","F",221.134817311812,1281.77188081194
"15 a 19 anos",2023,"Ansiedade","M",96.0918601317734,858.25983971237
"15 a 19 anos",2023,"Bipolar","F",47.037347199575,362.453983532164
"15 a 19 anos",2023,"Bipolar","M",24.1321052072475,254.88237746282
"15 a 19 anos",2023,"Depressão","F",178.398820446122,609.185081349538
"15 a 19 anos",2023,"Depressão","M",84.6563952019069,599.246162131447
"15 a 19 anos",2023,"Distúrbio alimentar","F",1.6398109777272,58.9964870652747
"15 a 19 anos",2023,"Distúrbio alimentar","M",0.291040464811025,94.9040904132875
"15 a 19 anos",2023,"Esquizofrenia","F",66.2735913613749,249.627056547664
"15 a 19 anos",2023,"Esquizofrenia","M",113.736188310942,227.004500107619
"15 a 19 anos",2023,"TDAH","F",13.068032099426,681.815132142244
"15 a 19 anos",2023,"TDAH","M",19.7543715490483,404.335767678664
"15 a 19 anos",2023,"TOC","F",6.82413645346475,329.591713932335
"15 a 19 anos",2023,"TOC","M",6.23311662136945,194.916017242207
"20 anos ou mais",2013,"Ansiedade","F",45.2136198224589,0
"20 anos ou mais",2013,"Ansiedade","M",15.095498273683,0
"20 anos ou mais",2013,"Bipolar","F",34.1655899549396,0
"20 anos ou mais",2013,"Bipolar","M",13.3613609606817,0
"20 anos ou mais",2013,"Depressão","F",81.2308590077016,0
"20 anos ou mais",2013,"Depressão","M",23.8026290554251,0
"20 anos ou mais",2013,"Distúrbio alimentar","F",0.281991646572963,0
"20 anos ou mais",2013,"Distúrbio alimentar","M",0.0364442167355791,0
"20 anos ou mais",2013,"Esquizofrenia","F",58.6744047476459,0
"20 anos ou mais",2013,"Esquizofrenia","M",75.1130492010593,0
"20 anos ou mais",2013,"TDAH","F",0.0690591787525625,0
"20 anos ou mais",2013,"TDAH","M",0.142739848881018,0
"20 anos ou mais",2013,"TOC","F",1.97969645757346,0
"20 anos ou mais",2013,"TOC","M",1.27402907671462,0
"20 anos ou mais",2014,"Ansiedade","F",49.6177227257488,9.74065540556916
"20 anos ou mais",2014,"Ansiedade","M",16.8256112331987,11.4611185940905
"20 anos ou mais",2014,"Bipolar","F",37.0778501036955,8.52395686009463
"20 anos ou mais",2014,"Bipolar","M",14.1921282250196,6.21768446180439
"20 anos ou mais",2014,"Depressão","F",89.3577319128852,10.0046620267959
"20 anos ou mais",2014,"Depressão","M",27.2982994750272,14.6860685492442
"20 anos ou mais",2014,"Distúrbio alimentar","F",0.250373091269422,-11.2125857938703
"20 anos ou mais",2014,"Distúrbio alimentar","M",0.0253937669535137,-30.321545561651
"20 anos ou mais",2014,"Esquizofrenia","F",62.5706402215346,6.64043459945808
"20 anos ou mais",2014,"Esquizofrenia","M",78.9746152254275,5.14100554489775
"20 anos ou mais",2014,"TDAH","F",0.123064739776496,78.2018581736021
"20 anos ou mais",2014,"TDAH","M",0.180743870669127,26.6246756501661
"20 anos ou mais",2014,"TOC","F",2.22365253940979,12.3229033876915
"20 anos ou mais",2014,"TOC","M",1.39815093344052,9.74246655704069
"20 anos ou mais",2015,"Ansiedade","F",55.2613222752438,22.2227339731686
"20 anos ou mais",2015,"Ansiedade","M",19.438967924865,28.7732777841079
"20 anos ou mais",2015,"Bipolar","F",41.9893107645043,22.8994166934722
"20 anos ou mais",2015,"Bipolar","M",16.234419371008,21.502737773351
"20 anos ou mais",2015,"Depressão","F",100.779076397672,24.0650137506448
"20 anos ou mais",2015,"Depressão","M",32.2777418099052,35.6057842801547
"20 anos ou mais",2015,"Distúrbio alimentar","F",0.236528143078489,-16.1222873255256
"20 anos ou mais",2015,"Distúrbio alimentar","M",0.0602690324349264,65.3733783667464
"20 anos ou mais",2015,"Esquizofrenia","F",68.9563017594883,17.5236494619146
"20 anos ou mais",2015,"Esquizofrenia","M",87.1857703109249,16.0727346822919
"20 anos ou mais",2015,"TDAH","F",0.524535940827003,659.545581488022
"20 anos ou mais",2015,"TDAH","M",0.457162660664929,220.276828263984
"20 anos ou mais",2015,"TOC","F",2.58093944359175,30.3704632959362
"20 anos ou mais",2015,"TOC","M",1.55082510289872,21.7260368105473
"20 anos ou mais",2016,"Ansiedade","F",59.0303327632558,30.5587409171201
"20 anos ou mais",2016,"Ansiedade","M",21.1176435806575,39.8936503969085
"20 anos ou mais",2016,"Bipolar","F",45.1219172765124,32.0683100629109
"20 anos ou mais",2016,"Bipolar","M",17.7574593557355,32.9015764785497
"20 anos ou mais",2016,"Depressão","F",111.01952162964,36.6716085313265
"20 anos ou mais",2016,"Depressão","M",36.328193274092,52.6226081560182
"20 anos ou mais",2016,"Distúrbio alimentar","F",0.228635238339024,-18.9212726271781
"20 anos ou mais",2016,"Distúrbio alimentar","M",0.0434132328801291,19.1224198755968
"20 anos ou mais",2016,"Esquizofrenia","F",75.848028977367,29.2693625160469
"20 anos ou mais",2016,"Esquizofrenia","M",94.154619470424,25.3505489018228
"20 anos ou mais",2016,"TDAH","F",0.867992461718212,1156.88210806591
"20 anos ou mais",2016,"TDAH","M",0.756837359876917,430.221494424997
"20 anos ou mais",2016,"TOC","F",2.75868266618643,39.3487701426606
"20 anos ou mais",2016,"TOC","M",1.65549128049559,29.9414048511873
"20 anos ou mais",2017,"Ansiedade","F",69.6981233136442,54.1529379583608
"20 anos ou mais",2017,"Ansiedade","M",25.7642996815439,70.6753842399528
"20 anos ou mais",2017,"Bipolar","F",50.9410708883431,49.100515915365
"20 anos ou mais",2017,"Bipolar","M",20.2434801137414,51.5076209175969
"20 anos ou mais",2017,"Depressão","F",126.110787307802,55.2498506704759
"20 anos ou mais",2017,"Depressão","M",41.9248814830101,76.1355074911549
"20 anos ou mais",2017,"Distúrbio alimentar","F",0.291099534693566,3.22984323517751
"20 anos ou mais",2017,"Distúrbio alimentar","M",0.051303434290369,40.7724980415983
"20 anos ou mais",2017,"Esquizofrenia","F",82.7275228572433,40.9942260395278
"20 anos ou mais",2017,"Esquizofrenia","M",102.424456369928,36.3604026988207
"20 anos ou mais",2017,"TDAH","F",0.451473815381225,553.749180827716
"20 anos ou mais",2017,"TDAH","M",0.542961346239738,280.385260665595
"20 anos ou mais",2017,"TOC","F",2.84900192751018,43.9110484140706
"20 anos ou mais",2017,"TOC","M",1.73576619349082,36.2422746242882
"20 anos ou mais",2018,"Ansiedade","F",85.1771641484099,88.3882876064259
"20 anos ou mais",2018,"Ansiedade","M",32.5019246204683,115.308723377029
"20 anos ou mais",2018,"Bipolar","F",59.2541410214582,73.4322196678219
"20 anos ou mais",2018,"Bipolar","M",24.2806265954386,81.7227052460367
"20 anos ou mais",2018,"Depressão","F",150.41936027399,85.1751441650126
"20 anos ou mais",2018,"Depressão","M",50.6937927571375,112.975602985265
"20 anos ou mais",2018,"Distúrbio alimentar","F",0.380889143369434,35.071073203185
"20 anos ou mais",2018,"Distúrbio alimentar","M",0.0617720480022723,69.4975322160417
"20 anos ou mais",2018,"Esquizofrenia","F",92.2269311504254,57.1842638150081
"20 anos ou mais",2018,"Esquizofrenia","M",113.110235532888,50.5866646820843
"20 anos ou mais",2018,"TDAH","F",0.310550730133964,349.687841274018
"20 anos ou mais",2018,"TDAH","M",0.409941773105989,187.195044915382
"20 anos ou mais",2018,"TOC","F",3.31917682079078,67.6608960981395
"20 anos ou mais",2018,"TOC","M",1.95283906298093,53.2805725295356
"20 anos ou mais",2019,"Ansiedade","F",96.7130923415424,113.902564584095
"20 anos ou mais",2019,"Ansiedade","M",36.4033793271418,141.153876918434
"20 anos ou mais",2019,"Bipolar","F",64.4278923052853,88.5753835665009
"20 anos ou mais",2019,"Bipolar","M",25.8982539383083,93.8294610445652
"20 anos ou mais",2019,"Depressão","F",171.154443263402,110.701259784997
"20 anos ou mais",2019,"Depressão","M",58.4125370626302,145.403719591709
"20 anos ou mais",2019,"Distúrbio alimentar","F",0.320315623588037,13.5904653491776
"20 anos ou mais",2019,"Distúrbio alimentar","M",0.0470399398420045,29.073812131298
"20 anos ou mais",2019,"Esquizofrenia","F",96.5758142171475,64.5961550568986
"20 anos ou mais",2019,"Esquizofrenia","M",119.120346484022,58.5880852275958
"20 anos ou mais",2019,"TDAH","F",0.468053033651091,577.756443250093
"20 anos ou mais",2019,"TDAH","M",0.538192252898228,277.044152083166
"20 anos ou mais",2019,"TOC","F",3.4764050739616,75.6029345136414
"20 anos ou mais",2019,"TOC","M",2.07529146361784,62.8920015679284
"20 anos ou mais",2020,"Ansiedade","F",95.8709876782381,112.040062385397
"20 anos ou mais",2020,"Ansiedade","M",37.2228083047742,146.58217721549
"20 anos ou mais",2020,"Bipolar","F",61.2188389815168,79.182736379665
"20 anos ou mais",2020,"Bipolar","M",24.4787466685287,83.2054888761851
"20 anos ou mais",2020,"Depressão","F",154.877439075169,90.6633032902985
"20 anos ou mais",2020,"Depressão","M",54.5022445466622,128.975733813908
"20 anos ou mais",2020,"Distúrbio alimentar","F",0.283474239143223,0.525757620226629
"20 anos ou mais",2020,"Distúrbio alimentar","M",0.0586529648248485,60.939018803463
"20 anos ou mais",2020,"Esquizofrenia","F",87.6450806660093,49.3753213909269
"20 anos ou mais",2020,"Esquizofrenia","M",110.3753316433,46.9456144003057
"20 anos ou mais",2020,"TDAH","F",0.521850303877298,655.656689383863
"20 anos ou mais",2020,"TDAH","M",0.52651266098585,268.861719494132
"20 anos ou mais",2020,"TOC","F",3.18135407474827,60.6990840731057
"20 anos ou mais",2020,"TOC","M",2.01329711817387,58.0259944589039
"20 anos ou mais",2021,"Ansiedade","F",125.388081242911,177.3236952389
"20 anos ou mais",2021,"Ansiedade","M",48.1932792594482,219.255968804069
"20 anos ou mais",2021,"Bipolar","F",68.8416359254089,101.494064689657
"20 anos ou mais",2021,"Bipolar","M",27.4832961706733,105.692341158569
"20 anos ou mais",2021,"Depressão","F",177.435604542519,118.433741450027
"20 anos ou mais",2021,"Depressão","M",62.5374778334049,162.733489177958
"20 anos ou mais",2021,"Distúrbio alimentar","F",0.355646009319627,26.119342059165
"20 anos ou mais",2021,"Distúrbio alimentar","M",0.0793537473852268,117.74030146121
"20 anos ou mais",2021,"Esquizofrenia","F",93.6631870472809,59.6321044075676
"20 anos ou mais",2021,"Esquizofrenia","M",116.913624495055,55.6502175568794
"20 anos ou mais",2021,"TDAH","F",0.664295938836304,861.922731830423
"20 anos ou mais",2021,"TDAH","M",0.753188110775034,427.664920959009
"20 anos ou mais",2021,"TOC","F",4.1026307503657,107.235343310881
"20 anos ou mais",2021,"TOC","M",2.46534608401899,93.5078350312428
"20 anos ou mais",2022,"Ansiedade","F",140.821315304837,211.457732996833
"20 anos ou mais",2022,"Ansiedade","M",53.5628277956281,254.82649744002
"20 anos ou mais",2022,"Bipolar","F",70.5127665430435,106.385332833537
"20 anos ou mais",2022,"Bipolar","M",27.6453304751629,106.905049242472
"20 anos ou mais",2022,"Depressão","F",182.852592147573,125.102374123899
"20 anos ou mais",2022,"Depressão","M",65.7717871068559,176.321522944816
"20 anos ou mais",2022,"Distúrbio alimentar","F",0.374608077261776,32.8436788161555
"20 anos ou mais",2022,"Distúrbio alimentar","M",0.0729883437084273,100.274145656618
"20 anos ou mais",2022,"Esquizofrenia","F",94.8084181626433,61.5839454535706
"20 anos ou mais",2022,"Esquizofrenia","M",118.2291732605,57.4016426147598
"20 anos ou mais",2022,"TDAH","F",0.794319468173799,1050.20114997288
"20 anos ou mais",2022,"TDAH","M",0.983352048871721,588.912070862146
"20 anos ou mais",2022,"TOC","F",3.89266654198106,96.6294644357933
"20 anos ou mais",2022,"TOC","M",2.56520851615255,101.346151593928
"20 anos ou mais",2023,"Ansiedade","F",160.577004857499,255.151844705289
"20 anos ou mais",2023,"Ansiedade","M",62.1585314549723,311.768663266567
"20 anos ou mais",2023,"Bipolar","F",75.8702111033133,122.06615253352
"20 anos ou mais",2023,"Bipolar","M",29.1716138199266,118.328162121879
"20 anos ou mais",2023,"Depressão","F",186.36830129596,129.430420375452
"20 anos ou mais",2023,"Depressão","M",66.5123276698214,179.432694241235
"20 anos ou mais",2023,"Distúrbio alimentar","F",0.393231637696253,39.4479738939739
"20 anos ou mais",2023,"Distúrbio alimentar","M",0.106126239362859,191.201866493269
"20 anos ou mais",2023,"Esquizofrenia","F",99.5012066893994,69.5819618747672
"20 anos ou mais",2023,"Esquizofrenia","M",122.767095735052,63.4430994891912
"20 anos ou mais",2023,"TDAH","F",1.75594001738578,2442.65985941895
"20 anos ou mais",2023,"TDAH","M",1.69015862688998,1084.08323964166
"20 anos ou mais",2023,"TOC","F",4.17221240750679,110.750107247286
"20 anos ou mais",2023,"TOC","M",2.60860916754879,104.752718381883
"10 a 14 anos",2013,"Ansiedade","todos",9.74675583519198,0
"10 a 14 anos",2013,"Bipolar","todos",3.48223413142407,0
"10 a 14 anos",2013,"Depressão","todos",11.3857973610382,0
"10 a 14 anos",2013,"Distúrbio alimentar","todos",0.472463927379145,0
"10 a 14 anos",2013,"Esquizofrenia","todos",6.22369148782157,0
"10 a 14 anos",2013,"TDAH","todos",13.5672974701715,0
"10 a 14 anos",2013,"TOC","todos",1.37072867819875,0
"10 a 14 anos",2014,"Ansiedade","todos",10.9176636763225,12.0133084374884
"10 a 14 anos",2014,"Bipolar","todos",4.0970587344479,17.6560386182995
"10 a 14 anos",2014,"Depressão","todos",13.377072859322,17.4891176712661
"10 a 14 anos",2014,"Distúrbio alimentar","todos",0.451967797353136,-4.3381364879442
"10 a 14 anos",2014,"Esquizofrenia","todos",7.31953043245922,17.6075396214927
"10 a 14 anos",2014,"TDAH","todos",16.628893115603,22.5659948280978
"10 a 14 anos",2014,"TOC","todos",1.48503704844602,8.33924116897261
"10 a 14 anos",2015,"Ansiedade","todos",12.5738186456352,29.0051670345089
"10 a 14 anos",2015,"Bipolar","todos",4.04327595808325,16.1115480890925
"10 a 14 anos",2015,"Depressão","todos",15.533757121538,36.4309993316236
"10 a 14 anos",2015,"Distúrbio alimentar","todos",0.361112494060143,-23.5682402118381
"10 a 14 anos",2015,"Esquizofrenia","todos",8.37070600985316,34.4974445830555
"10 a 14 anos",2015,"TDAH","todos",16.7946909122726,23.7880347887758
"10 a 14 anos",2015,"TOC","todos",1.52140837661405,10.9926713296244
"10 a 14 anos",2016,"Ansiedade","todos",15.5529819858921,59.5708587439517
"10 a 14 anos",2016,"Bipolar","todos",4.50454665306785,29.3579490367499
"10 a 14 anos",2016,"Depressão","todos",18.0241846770558,58.3041055932894
"10 a 14 anos",2016,"Distúrbio alimentar","todos",0.407868405337702,-13.672053737471
"10 a 14 anos",2016,"Esquizofrenia","todos",9.90280495900802,59.1146504993972
"10 a 14 anos",2016,"TDAH","todos",19.4637202253065,43.4605548238229
"10 a 14 anos",2016,"TOC","todos",1.69145426919459,23.3981820105561
"10 a 14 anos",2017,"Ansiedade","todos",20.6469787955649,111.83436976041
"10 a 14 anos",2017,"Bipolar","todos",5.50221313603836,58.008132950791
"10 a 14 anos",2017,"Depressão","todos",28.2284813156089,147.927136066956
"10 a 14 anos",2017,"Distúrbio alimentar","todos",0.419505752913422,-11.2089349888557
"10 a 14 anos",2017,"Esquizofrenia","todos",11.8312781908626,90.1006535110853
"10 a 14 anos",2017,"TDAH","todos",24.2218973856097,78.5314830670075
"10 a 14 anos",2017,"TOC","todos",2.05497020992372,49.9180868254769
"10 a 14 anos",2018,"Ansiedade","todos",29.1306758964156,198.875609371842
"10 a 14 anos",2018,"Bipolar","todos",7.5092408977427,115.644342520753
"10 a 14 anos",2018,"Depressão","todos",44.4327579228503,290.247222165553
"10 a 14 anos",2018,"Distúrbio alimentar","todos",0.548704794662644,16.1368652431145
"10 a 14 anos",2018,"Esquizofrenia","todos",15.4870386987928,148.840077132641
"10 a 14 anos",2018,"TDAH","todos",27.0529959435919,99.3985611583261
"10 a 14 anos",2018,"TOC","todos",2.38594107342071,74.0637013997567
"10 a 14 anos",2019,"Ansiedade","todos",41.7376391017515,328.220833757342
"10 a 14 anos",2019,"Bipolar","todos",9.12424564720638,162.022750419571
"10 a 14 anos",2019,"Depressão","todos",68.6851199062835,503.252611374605
"10 a 14 anos",2019,"Distúrbio alimentar","todos",0.644137972352472,36.3359052458543
"10 a 14 anos",2019,"Esquizofrenia","todos",18.1859536271941,192.205255719698
"10 a 14 anos",2019,"TDAH","todos",33.7515789979252,148.771570551394
"10 a 14 anos",2019,"TOC","todos",3.1331371276562,128.574566031069
"10 a 14 anos",2020,"Ansiedade","todos",43.5754396944593,347.076344491202
"10 a 14 anos",2020,"Bipolar","todos",10.1198058113952,190.612446764363
"10 a 14 anos",2020,"Depressão","todos",63.9800136690343,461.928265893541
"10 a 14 anos",2020,"Distúrbio alimentar","todos",0.61543646627294,30.2610486448973
"10 a 14 anos",2020,"Esquizofrenia","todos",16.445477531747,164.239921980826
"10 a 14 anos",2020,"TDAH","todos",28.7351727396922,111.797322221822
"10 a 14 anos",2020,"TOC","todos",3.0771823313647,124.492445536951
"10 a 14 anos",2021,"Ansiedade","todos",75.3598954810326,673.179268623264
"10 a 14 anos",2021,"Bipolar","todos",11.3358482909455,225.533776969489
"10 a 14 anos",2021,"Depressão","todos",84.3654898927491,640.971292721625
"10 a 14 anos",2021,"Distúrbio alimentar","todos",0.965574811835218,104.370059994096
"10 a 14 anos",2021,"Esquizofrenia","todos",18.4360417406404,196.223580116653
"10 a 14 anos",2021,"TDAH","todos",30.4542295652828,124.467913615355
"10 a 14 anos",2021,"TOC","todos",4.33864948784625,216.521391640217
"10 a 14 anos",2022,"Ansiedade","todos",104.790767180475,975.134834116942
"10 a 14 anos",2022,"Bipolar","todos",12.3813357371583,255.55724485691
"10 a 14 anos",2022,"Depressão","todos",96.1643196547436,744.598903400608
"10 a 14 anos",2022,"Distúrbio alimentar","todos",1.01218725699343,114.235880950371
"10 a 14 anos",2022,"Esquizofrenia","todos",20.8184062922262,234.502542951612
"10 a 14 anos",2022,"TDAH","todos",37.9798779785406,179.936944421257
"10 a 14 anos",2022,"TOC","todos",4.53198681518349,230.62610327369
"10 a 14 anos",2023,"Ansiedade","todos",125.964295126151,1192.37150551509
"10 a 14 anos",2023,"Bipolar","todos",14.4912917469908,316.149265100235
"10 a 14 anos",2023,"Depressão","todos",93.1734425487506,718.33041283158
"10 a 14 anos",2023,"Distúrbio alimentar","todos",0.867623043352739,83.6379442057353
"10 a 14 anos",2023,"Esquizofrenia","todos",24.1212452205395,287.571351628525
"10 a 14 anos",2023,"TDAH","todos",53.2694056311915,292.630925564265
"10 a 14 anos",2023,"TOC","todos",4.80173058344073,250.304962594829
"15 a 19 anos",2013,"Ansiedade","todos",12.9686121665651,0
"15 a 19 anos",2013,"Bipolar","todos",8.45905876811486,0
"15 a 19 anos",2013,"Depressão","todos",18.5282556189881,0
"15 a 19 anos",2013,"Distúrbio alimentar","todos",0.583383363318266,0
"15 a 19 anos",2013,"Esquizofrenia","todos",26.9931482207362,0
"15 a 19 anos",2013,"TDAH","todos",2.81190781119404,0
"15 a 19 anos",2013,"TOC","todos",1.85515909535209,0
"15 a 19 anos",2014,"Ansiedade","todos",14.7629688977901,13.8361507629255
"15 a 19 anos",2014,"Bipolar","todos",9.36757331088538,10.7401374984535
"15 a 19 anos",2014,"Depressão","todos",22.1823669372958,19.7218313124031
"15 a 19 anos",2014,"Distúrbio alimentar","todos",0.466628807516084,-20.013350250183
"15 a 19 anos",2014,"Esquizofrenia","todos",32.3257106406767,19.7552444654975
"15 a 19 anos",2014,"TDAH","todos",3.26640165261258,16.1631842839665
"15 a 19 anos",2014,"TOC","todos",1.95984099156755,5.64274495258844
"15 a 19 anos",2015,"Ansiedade","todos",18.2144899126031,40.4505715697374
"15 a 19 anos",2015,"Bipolar","todos",10.5307989405024,24.4913793505809
"15 a 19 anos",2015,"Depressão","todos",26.2015612419925,41.4140747018873
"15 a 19 anos",2015,"Distúrbio alimentar","todos",0.437567823012567,-24.9948060699408
"15 a 19 anos",2015,"Esquizofrenia","todos",38.0392294138925,40.9217965345395
"15 a 19 anos",2015,"TDAH","todos",3.68140395094573,30.9219291006012
"15 a 19 anos",2015,"TOC","todos",2.24618149146451,21.0775667214791
"15 a 19 anos",2016,"Ansiedade","todos",22.3282888759801,72.1717681830722
"15 a 19 anos",2016,"Bipolar","todos",12.3845400861815,46.4056513339657
"15 a 19 anos",2016,"Depressão","todos",32.6157290416417,76.0323783973295
"15 a 19 anos",2016,"Distúrbio alimentar","todos",0.466022204559981,-20.1173304104421
"15 a 19 anos",2016,"Esquizofrenia","todos",42.7458867132642,58.3582854571472
"15 a 19 anos",2016,"TDAH","todos",4.20002511859683,49.3656762813051
"15 a 19 anos",2016,"TOC","todos",2.4640924066109,32.8237784449018
"15 a 19 anos",2017,"Ansiedade","todos",30.7345182517324,136.991575173868
"15 a 19 anos",2017,"Bipolar","todos",15.1719249650935,79.3571292149166
"15 a 19 anos",2017,"Depressão","todos",48.5711510219942,162.146378055242
"15 a 19 anos",2017,"Distúrbio alimentar","todos",0.606410528966074,3.94717557882178
"15 a 19 anos",2017,"Esquizofrenia","todos",51.4982479983496,90.7826666872026
"15 a 19 anos",2017,"TDAH","todos",5.73174567282356,103.838321085983
"15 a 19 anos",2017,"TOC","todos",2.81047956693892,51.4953393474604
"15 a 19 anos",2018,"Ansiedade","todos",43.9571705485553,238.950459648128
"15 a 19 anos",2018,"Bipolar","todos",20.6502735444424,144.120227918034
"15 a 19 anos",2018,"Depressão","todos",73.7534847702331,298.05951670188
"15 a 19 anos",2018,"Distúrbio alimentar","todos",0.778261938625912,33.4048907735701
"15 a 19 anos",2018,"Esquizofrenia","todos",62.202439154838,130.437882406966
"15 a 19 anos",2018,"TDAH","todos",6.34312737947736,125.580915356675
"15 a 19 anos",2018,"TOC","todos",3.51095611410186,89.2536399114344
"15 a 19 anos",2019,"Ansiedade","todos",66.5460296626189,413.131465479276
"15 a 19 anos",2019,"Bipolar","todos",24.8590813338858,193.875264557664
"15 a 19 anos",2019,"Depressão","todos",111.182859504445,500.07192145224
"15 a 19 anos",2019,"Distúrbio alimentar","todos",0.641790588676824,10.0118085346726
"15 a 19 anos",2019,"Esquizofrenia","todos",70.5557488450861,161.383919608477
"15 a 19 anos",2019,"TDAH","todos",8.03121433903842,185.614425446902
"15 a 19 anos",2019,"TOC","todos",4.25112665160245,129.15159472054
"15 a 19 anos",2020,"Ansiedade","todos",69.8520441787459,438.623896540252
"15 a 19 anos",2020,"Bipolar","todos",25.2236895334336,198.185533696851
"15 a 19 anos",2020,"Depressão","todos",102.515772079739,453.294245221222
"15 a 19 anos",2020,"Distúrbio alimentar","todos",0.665031362463409,13.9955995112257
"15 a 19 anos",2020,"Esquizofrenia","todos",67.7085055908058,150.835897454866
"15 a 19 anos",2020,"TDAH","todos",7.0956471262837,152.342807898479
"15 a 19 anos",2020,"TOC","todos",4.12675711528633,122.447612478386
"15 a 19 anos",2021,"Ansiedade","todos",107.27896145447,727.220060840825
"15 a 19 anos",2021,"Bipolar","todos",29.6937673829005,251.029212550534
"15 a 19 anos",2021,"Depressão","todos",124.285501242043,570.789003551271
"15 a 19 anos",2021,"Distúrbio alimentar","todos",0.914394781645233,56.7399482296144
"15 a 19 anos",2021,"Esquizofrenia","todos",78.5236518737844,190.902162399355
"15 a 19 anos",2021,"TDAH","todos",8.21752152452229,192.240076001383
"15 a 19 anos",2021,"TOC","todos",5.84731399841557,215.192050809304
"15 a 19 anos",2022,"Ansiedade","todos",134.648769024405,938.266603203303
"15 a 19 anos",2022,"Bipolar","todos",32.084491355632,279.291505534512
"15 a 19 anos",2022,"Depressão","todos",132.43541471766,614.775408117413
"15 a 19 anos",2022,"Distúrbio alimentar","todos",1.01216753421416,73.4995541280064
"15 a 19 anos",2022,"Esquizofrenia","todos",81.857524980874,203.252974834521
"15 a 19 anos",2022,"TDAH","todos",10.6582460831708,279.039669819221
"15 a 19 anos",2022,"TOC","todos",6.2742192331709,238.203836473666
"15 a 19 anos",2023,"Ansiedade","todos",157.382033494582,1113.56110795213
"15 a 19 anos",2023,"Bipolar","todos",35.3591769615208,318.003680206147
"15 a 19 anos",2023,"Depressão","todos",130.60452074404,604.893776455643
"15 a 19 anos",2023,"Distúrbio alimentar","todos",0.952144300065432,63.210739272657
"15 a 19 anos",2023,"Esquizofrenia","todos",90.4722567718017,235.167487808261
"15 a 19 anos",2023,"TDAH","todos",16.4770425952882,485.973783695682
"15 a 19 anos",2023,"TOC","todos",6.52280673096773,251.603630508562
"20 anos ou mais",2013,"Ansiedade","todos",30.5608003269807,0
"20 anos ou mais",2013,"Bipolar","todos",24.0440884628306,0
"20 anos ou mais",2013,"Depressão","todos",53.2913513570419,0
"20 anos ou mais",2013,"Distúrbio alimentar","todos",0.16252994106258,0
"20 anos ou mais",2013,"Esquizofrenia","todos",66.6719981412485,0
"20 anos ou mais",2013,"TDAH","todos",0.104905689231302,0
"20 anos ou mais",2013,"TOC","todos",1.63638099751643,0
"20 anos ou mais",2014,"Ansiedade","todos",33.6682503625761,10.1680911571285
"20 anos ou mais",2014,"Bipolar","todos",25.9466611682674,7.91285021421374
"20 anos ou mais",2014,"Depressão","todos",59.1731796687679,11.037116083469
"20 anos ou mais",2014,"Distúrbio alimentar","todos",0.140947337570181,-13.2791554290226
"20 anos ou mais",2014,"Esquizofrenia","todos",70.5492281825509,5.81537999369436
"20 anos ou mais",2014,"TDAH","todos",0.151118794920607,44.0520490622885
"20 anos ou mais",2014,"TOC","todos",1.82214393106193,11.3520588314967
"20 anos ou mais",2015,"Ansiedade","todos",37.8423777547776,23.8265272829532
"20 anos ou mais",2015,"Bipolar","todos",29.465761364988,22.5488810296915
"20 anos ou mais",2015,"Depressão","todos",67.4696815128105,26.6053117339369
"20 anos ou mais",2015,"Distúrbio alimentar","todos",0.150820552798498,-7.20444995397721
"20 anos ou mais",2015,"Esquizofrenia","todos",77.8205460866259,16.7214846655091
"20 anos ou mais",2015,"TDAH","todos",0.491775072632069,368.778267637875
"20 anos ou mais",2015,"TOC","todos",2.08003700778971,27.1120240913714
"20 anos ou mais",2016,"Ansiedade","todos",40.5992557075142,32.8474885249358
"20 anos ou mais",2016,"Bipolar","todos",31.8188136613266,32.3352877798419
"20 anos ou mais",2016,"Depressão","todos",74.7086806421672,40.1891277660297
"20 anos ou mais",2016,"Distúrbio alimentar","todos",0.138590424092537,-14.7292965305548
"20 anos ou mais",2016,"Esquizofrenia","todos",84.7476925802409,27.1113735045078
"20 anos ou mais",2016,"TDAH","todos",0.813954927284594,675.892073393601
"20 anos ou mais",2016,"TOC","todos",2.22237131831636,35.8101396734197
"20 anos ou mais",2017,"Ansiedade","todos",48.3444990937138,58.1912076138684
"20 anos ou mais",2017,"Bipolar","todos",36.020793897494,49.8114347448772
"20 anos ou mais",2017,"Depressão","todos",85.1930148723613,59.8627407692936
"20 anos ou mais",2017,"Distúrbio alimentar","todos",0.174548882050775,7.39490884548279
"20 anos ou mais",2017,"Esquizofrenia","todos",92.3010332358734,38.4404784754288
"20 anos ou mais",2017,"TDAH","todos",0.495940474398233,372.748883337258
"20 anos ou mais",2017,"TOC","todos",2.3079241071158,41.0383101868442
"20 anos ou mais",2018,"Ansiedade","todos",59.5798996253477,94.9552989054001
"20 anos ou mais",2018,"Bipolar","todos",42.2589397070136,75.7560481959674
"20 anos ou mais",2018,"Depressão","todos",101.958228358542,91.3222798112992
"20 anos ou mais",2018,"Distúrbio alimentar","todos",0.225815815233707,38.9379789086118
"20 anos ou mais",2018,"Esquizofrenia","todos",102.375066615665,53.5503201790622
"20 anos ou mais",2018,"TDAH","todos",0.358849301549637,242.068484730534
"20 anos ou mais",2018,"TOC","todos",2.65521194226461,62.2612305016058
"20 anos ou mais",2019,"Ansiedade","todos",67.4112078908749,120.580636533137
"20 anos ou mais",2019,"Bipolar","todos",45.7080053264567,90.100803351793
"20 anos ou mais",2019,"Depressão","todos",116.378020973775,118.380690318894
"20 anos ou mais",2019,"Distúrbio alimentar","todos",0.187542773112171,15.3896764411921
"20 anos ou mais",2019,"Esquizofrenia","todos",107.529228625214,61.2809449589424
"20 anos ou mais",2019,"TDAH","todos",0.502130650590653,378.64958923584
"20 anos ou mais",2019,"TOC","todos",2.79566449237821,70.8443508340201
"20 anos ou mais",2020,"Ansiedade","todos",67.3815923876485,120.483729701805
"20 anos ou mais",2020,"Bipolar","todos",43.371686280455,80.3839906324693
"20 anos ou mais",2020,"Depressão","todos",106.11840469692,99.1287554071327
"20 anos ou mais",2020,"Distúrbio alimentar","todos",0.174263310138865,7.21920465827694
"20 anos ou mais",2020,"Esquizofrenia","todos",98.6867039877276,48.0182186510356
"20 anos ou mais",2020,"TDAH","todos",0.524115126691414,399.606008531927
"20 anos ou mais",2020,"TOC","todos",2.61394965208297,59.7396728543177
"20 anos ou mais",2021,"Ansiedade","todos",87.894881145184,187.606607826909
"20 anos ou mais",2021,"Bipolar","todos",48.7540591936716,102.76942196848
"20 anos ou mais",2021,"Depressão","todos",121.630053587396,128.236009202502
"20 anos ou mais",2021,"Distúrbio alimentar","todos",0.221451985939928,36.2530402042422
"20 anos ou mais",2021,"Esquizofrenia","todos",104.955829572302,57.4211550551512
"20 anos ou mais",2021,"TDAH","todos",0.707470503754993,574.387165213818
"20 anos ou mais",2021,"TOC","todos",3.30740827378719,102.117250127379
"20 anos ou mais",2022,"Ansiedade","todos",98.4467161281488,222.133959434416
"20 anos ou mais",2022,"Bipolar","todos",49.6954171600731,106.684554654241
"20 anos ou mais",2022,"Depressão","todos",125.995633856143,136.427920568191
"20 anos ou mais",2022,"Distúrbio alimentar","todos",0.228135044346166,40.364933903671
"20 anos ou mais",2022,"Esquizofrenia","todos",106.182040809751,59.26032482902
"20 anos ou mais",2022,"TDAH","todos",0.886117756994289,744.680363369549
"20 anos ou mais",2022,"TOC","todos",3.2480243601827,98.4882716868683
"20 anos ou mais",2023,"Ansiedade","todos",112.790323292839,269.068617595273
"20 anos ou mais",2023,"Bipolar","todos",53.1959008773208,121.243159039094
"20 anos ou mais",2023,"Depressão","todos",128.172730410916,140.513192379348
"20 anos ou mais",2023,"Distúrbio alimentar","todos",0.253828802320629,56.1735644898162
"20 anos ou mais",2023,"Esquizofrenia","todos",110.797862618984,66.1835038815732
"20 anos ou mais",2023,"TDAH","todos",1.72400013606242,1543.3809726575
"20 anos ou mais",2023,"TOC","todos",3.41301133947412,108.570702339743
